Country	Filename	Prompt
United States	united-states.webp	Statue of Liberty with New York City skyline at golden hour, wide-angle travel photography, bright sunny day, vibrant colors, highly detailed, 8K, tourist destination, clear blue sky, professional photography, f/2.8, 24mm lens
United Kingdom	united-kingdom.webp	Big Ben and Palace of Westminster beside River Thames, wide-angle travel photography, bright sunny day, vibrant colors, highly detailed, 8K, tourist destination, clear blue sky, professional photography, f/2.8, 24mm lens
Japan	japan.webp	Mount Fuji with traditional pagoda and cherry blossoms, wide-angle travel photography, bright sunny day, vibrant colors, highly detailed, 8K, tourist destination, clear blue sky, professional photography, f/2.8, 24mm lens
France	france.webp	Eiffel Tower from Champ de Mars with Parisian rooftops, wide-angle travel photography, bright sunny day, vibrant colors, highly detailed, 8K, tourist destination, clear blue sky, professional photography, f/2.8, 24mm lens
Singapore	singapore.webp	Marina Bay Sands skyline with Gardens by the Bay, wide-angle travel photography, bright sunny day, vibrant colors, highly detailed, 8K, tourist destination, clear blue sky, professional photography, f/2.8, 24mm lens
United Arab Emirates	united-arab-emirates.webp	Burj Khalifa towering above Dubai skyline, wide-angle travel photography, bright sunny day, vibrant colors, highly detailed, 8K, tourist destination, clear blue sky, professional photography, f/2.8, 24mm lens
Australia	australia.webp	Sydney Opera House sails beside Sydney Harbour Bridge, wide-angle travel photography, bright sunny day, vibrant colors, highly detailed, 8K, tourist destination, clear blue sky, professional photography, f/2.8, 24mm lens
Canada	canada.webp	CN Tower above Toronto skyline with Lake Ontario, wide-angle travel photography, bright sunny day, vibrant colors, highly detailed, 8K, tourist destination, clear blue sky, professional photography, f/2.8, 24mm lens
Italy	italy.webp	Colosseum under bright blue Roman sky, wide-angle travel photography, bright sunny day, vibrant colors, highly detailed, 8K, tourist destination, clear blue sky, professional photography, f/2.8, 24mm lens
Switzerland	switzerland.webp	Matterhorn mountain peak above Alpine village, wide-angle travel photography, bright sunny day, vibrant colors, highly detailed, 8K, tourist destination, clear blue sky, professional photography, f/2.8, 24mm lens
Thailand	thailand.webp	Wat Arun temple beside Chao Phraya River, wide-angle travel photography, bright sunny day, vibrant colors, highly detailed, 8K, tourist destination, clear blue sky, professional photography, f/2.8, 24mm lens
Germany	germany.webp	Brandenburg Gate with Berlin skyline, wide-angle travel photography, bright sunny day, vibrant colors, highly detailed, 8K, tourist destination, clear blue sky, professional photography, f/2.8, 24mm lens
Spain	spain.webp	Sagrada Familia basilica under Barcelona sun, wide-angle travel photography, bright sunny day, vibrant colors, highly detailed, 8K, tourist destination, clear blue sky, professional photography, f/2.8, 24mm lens
Netherlands	netherlands.webp	Amsterdam canal houses with drawbridges and tulips, wide-angle travel photography, bright sunny day, vibrant colors, highly detailed, 8K, tourist destination, clear blue sky, professional photography, f/2.8, 24mm lens
Belgium	belgium.webp	Grand Place guildhalls and Town Hall in Brussels, wide-angle travel photography, bright sunny day, vibrant colors, highly detailed, 8K, tourist destination, clear blue sky, professional photography, f/2.8, 24mm lens
Portugal	portugal.webp	Belém Tower on Tagus River waterfront, wide-angle travel photography, bright sunny day, vibrant colors, highly detailed, 8K, tourist destination, clear blue sky, professional photography, f/2.8, 24mm lens
Greece	greece.webp	Parthenon on Acropolis hill above Athens, wide-angle travel photography, bright sunny day, vibrant colors, highly detailed, 8K, tourist destination, clear blue sky, professional photography, f/2.8, 24mm lens
South Korea	south-korea.webp	Gyeongbokgung Palace with Seoul skyline and mountains, wide-angle travel photography, bright sunny day, vibrant colors, highly detailed, 8K, tourist destination, clear blue sky, professional photography, f/2.8, 24mm lens
China	china.webp	Great Wall winding across green mountain ridges, wide-angle travel photography, bright sunny day, vibrant colors, highly detailed, 8K, tourist destination, clear blue sky, professional photography, f/2.8, 24mm lens
Malaysia	malaysia.webp	Petronas Twin Towers with Kuala Lumpur skyline, wide-angle travel photography, bright sunny day, vibrant colors, highly detailed, 8K, tourist destination, clear blue sky, professional photography, f/2.8, 24mm lens
Qatar	qatar.webp	Museum of Islamic Art and Doha corniche skyline, wide-angle travel photography, bright sunny day, vibrant colors, highly detailed, 8K, tourist destination, clear blue sky, professional photography, f/2.8, 24mm lens
Bahrain	bahrain.webp	Bahrain World Trade Center with Manama skyline, wide-angle travel photography, bright sunny day, vibrant colors, highly detailed, 8K, tourist destination, clear blue sky, professional photography, f/2.8, 24mm lens
Oman	oman.webp	Sultan Qaboos Grand Mosque in Muscat, wide-angle travel photography, bright sunny day, vibrant colors, highly detailed, 8K, tourist destination, clear blue sky, professional photography, f/2.8, 24mm lens
Saudi Arabia	saudi-arabia.webp	Abraj Al Bait towers overlooking Masjid al-Haram, wide-angle travel photography, bright sunny day, vibrant colors, highly detailed, 8K, tourist destination, clear blue sky, professional photography, f/2.8, 24mm lens
India	india.webp	Taj Mahal reflecting in Yamuna River at sunrise, wide-angle travel photography, bright sunny day, vibrant colors, highly detailed, 8K, tourist destination, clear blue sky, professional photography, f/2.8, 24mm lens
Nepal	nepal.webp	Mount Everest and Himalayan range from Nagarkot, wide-angle travel photography, bright sunny day, vibrant colors, highly detailed, 8K, tourist destination, clear blue sky, professional photography, f/2.8, 24mm lens
Bhutan	bhutan.webp	Taktsang Palphug Monastery clinging to Paro cliff, wide-angle travel photography, bright sunny day, vibrant colors, highly detailed, 8K, tourist destination, clear blue sky, professional photography, f/2.8, 24mm lens
Sri Lanka	sri-lanka.webp	Sigiriya rock fortress rising from green jungle, wide-angle travel photography, bright sunny day, vibrant colors, highly detailed, 8K, tourist destination, clear blue sky, professional photography, f/2.8, 24mm lens
Maldives	maldives.webp	Overwater villas over crystal-clear turquoise lagoon, wide-angle travel photography, bright sunny day, vibrant colors, highly detailed, 8K, tourist destination, clear blue sky, professional photography, f/2.8, 24mm lens
Indonesia	indonesia.webp	Borobudur temple at sunrise with misty volcanoes, wide-angle travel photography, bright sunny day, vibrant colors, highly detailed, 8K, tourist destination, clear blue sky, professional photography, f/2.8, 24mm lens
Vietnam	vietnam.webp	Ha Long Bay limestone karsts in emerald waters, wide-angle travel photography, bright sunny day, vibrant colors, highly detailed, 8K, tourist destination, clear blue sky, professional photography, f/2.8, 24mm lens
Philippines	philippines.webp	Chocolate Hills of Bohol under blue sky, wide-angle travel photography, bright sunny day, vibrant colors, highly detailed, 8K, tourist destination, clear blue sky, professional photography, f/2.8, 24mm lens
New Zealand	new-zealand.webp	Southern Alps and Lake Wakatipu near Queenstown, wide-angle travel photography, bright sunny day, vibrant colors, highly detailed, 8K, tourist destination, clear blue sky, professional photography, f/2.8, 24mm lens
Mexico	mexico.webp	Chichen Itza pyramid on Yucatan grassland, wide-angle travel photography, bright sunny day, vibrant colors, highly detailed, 8K, tourist destination, clear blue sky, professional photography, f/2.8, 24mm lens
Brazil	brazil.webp	Christ the Redeemer statue above Rio de Janeiro bay, wide-angle travel photography, bright sunny day, vibrant colors, highly detailed, 8K, tourist destination, clear blue sky, professional photography, f/2.8, 24mm lens
South Africa	south-africa.webp	Table Mountain overlooking Cape Town coastline, wide-angle travel photography, bright sunny day, vibrant colors, highly detailed, 8K, tourist destination, clear blue sky, professional photography, f/2.8, 24mm lens
Egypt	egypt.webp	Great Pyramids of Giza and Sphinx in desert, wide-angle travel photography, bright sunny day, vibrant colors, highly detailed, 8K, tourist destination, clear blue sky, professional photography, f/2.8, 24mm lens
Kenya	kenya.webp	Mount Kilimanjaro backdrop on Amboseli savanna, wide-angle travel photography, bright sunny day, vibrant colors, highly detailed, 8K, tourist destination, clear blue sky, professional photography, f/2.8, 24mm lens
Tanzania	tanzania.webp	Serengeti acacia trees at golden sunrise, wide-angle travel photography, bright sunny day, vibrant colors, highly detailed, 8K, tourist destination, clear blue sky, professional photography, f/2.8, 24mm lens
Morocco	morocco.webp	Hassan II Mosque on Casablanca Atlantic coast, wide-angle travel photography, bright sunny day, vibrant colors, highly detailed, 8K, tourist destination, clear blue sky, professional photography, f/2.8, 24mm lens
Austria	austria.webp	Schönbrunn Palace gardens with Vienna skyline, wide-angle travel photography, bright sunny day, vibrant colors, highly detailed, 8K, tourist destination, clear blue sky, professional photography, f/2.8, 24mm lens
Poland	poland.webp	Wawel Castle on Vistula River in Krakow, wide-angle travel photography, bright sunny day, vibrant colors, highly detailed, 8K, tourist destination, clear blue sky, professional photography, f/2.8, 24mm lens
Croatia	croatia.webp	Diocletian Palace and Adriatic Sea in Split, wide-angle travel photography, bright sunny day, vibrant colors, highly detailed, 8K, tourist destination, clear blue sky, professional photography, f/2.8, 24mm lens
Turkey	turkey.webp	Hagia Sophia with Istanbul Bosphorus skyline, wide-angle travel photography, bright sunny day, vibrant colors, highly detailed, 8K, tourist destination, clear blue sky, professional photography, f/2.8, 24mm lens
Russia	russia.webp	St Basil Cathedral on Red Square in Moscow, wide-angle travel photography, bright sunny day, vibrant colors, highly detailed, 8K, tourist destination, clear blue sky, professional photography, f/2.8, 24mm lens
Ireland	ireland.webp	Cliffs of Moher rising above Atlantic Ocean, wide-angle travel photography, bright sunny day, vibrant colors, highly detailed, 8K, tourist destination, clear blue sky, professional photography, f/2.8, 24mm lens
Sweden	sweden.webp	Gamla Stan old town and Stockholm city hall, wide-angle travel photography, bright sunny day, vibrant colors, highly detailed, 8K, tourist destination, clear blue sky, professional photography, f/2.8, 24mm lens
Norway	norway.webp	Geirangerfjord with waterfalls and green cliffs, wide-angle travel photography, bright sunny day, vibrant colors, highly detailed, 8K, tourist destination, clear blue sky, professional photography, f/2.8, 24mm lens
Denmark	denmark.webp	Nyhavn colorful townhouses and Copenhagen harbor, wide-angle travel photography, bright sunny day, vibrant colors, highly detailed, 8K, tourist destination, clear blue sky, professional photography, f/2.8, 24mm lens
Finland	finland.webp	Helsinki Cathedral with Senate Square, wide-angle travel photography, bright sunny day, vibrant colors, highly detailed, 8K, tourist destination, clear blue sky, professional photography, f/2.8, 24mm lens
Czech Republic	czech-republic.webp	Charles Bridge and Prague Castle on Vltava River, wide-angle travel photography, bright sunny day, vibrant colors, highly detailed, 8K, tourist destination, clear blue sky, professional photography, f/2.8, 24mm lens
Hungary	hungary.webp	Hungarian Parliament building on Danube River, wide-angle travel photography, bright sunny day, vibrant colors, highly detailed, 8K, tourist destination, clear blue sky, professional photography, f/2.8, 24mm lens
Romania	romania.webp	Bran Castle in Transylvanian Carpathian landscape, wide-angle travel photography, bright sunny day, vibrant colors, highly detailed, 8K, tourist destination, clear blue sky, professional photography, f/2.8, 24mm lens
Ukraine	ukraine.webp	St Sophia Cathedral with Kyiv skyline, wide-angle travel photography, bright sunny day, vibrant colors, highly detailed, 8K, tourist destination, clear blue sky, professional photography, f/2.8, 24mm lens
Bulgaria	bulgaria.webp	Alexander Nevsky Cathedral in Sofia, wide-angle travel photography, bright sunny day, vibrant colors, highly detailed, 8K, tourist destination, clear blue sky, professional photography, f/2.8, 24mm lens
Iceland	iceland.webp	Northern lights over Kirkjufell mountain and waterfall, wide-angle travel photography, bright sunny day, vibrant colors, highly detailed, 8K, tourist destination, clear blue sky, professional photography, f/2.8, 24mm lens
Argentina	argentina.webp	Obelisco and Buenos Aires skyline at dusk, wide-angle travel photography, bright sunny day, vibrant colors, highly detailed, 8K, tourist destination, clear blue sky, professional photography, f/2.8, 24mm lens
Chile	chile.webp	Torres del Paine granite peaks in Patagonia, wide-angle travel photography, bright sunny day, vibrant colors, highly detailed, 8K, tourist destination, clear blue sky, professional photography, f/2.8, 24mm lens
Colombia	colombia.webp	Cartagena old town walls and Caribbean coast, wide-angle travel photography, bright sunny day, vibrant colors, highly detailed, 8K, tourist destination, clear blue sky, professional photography, f/2.8, 24mm lens
Hong Kong	hong-kong.webp	Victoria Harbour skyline from The Peak, wide-angle travel photography, bright sunny day, vibrant colors, highly detailed, 8K, tourist destination, clear blue sky, professional photography, f/2.8, 24mm lens
Taiwan	taiwan.webp	Taipei 101 surrounded by city skyline and mountains, wide-angle travel photography, bright sunny day, vibrant colors, highly detailed, 8K, tourist destination, clear blue sky, professional photography, f/2.8, 24mm lens
Israel	israel.webp	Dome of the Rock in Jerusalem old city, wide-angle travel photography, bright sunny day, vibrant colors, highly detailed, 8K, tourist destination, clear blue sky, professional photography, f/2.8, 24mm lens
Mauritius	mauritius.webp	Le Morne Brabant mountain and turquoise lagoon, wide-angle travel photography, bright sunny day, vibrant colors, highly detailed, 8K, tourist destination, clear blue sky, professional photography, f/2.8, 24mm lens
Seychelles	seychelles.webp	Anse Source d'Argent granite boulders on white sand, wide-angle travel photography, bright sunny day, vibrant colors, highly detailed, 8K, tourist destination, clear blue sky, professional photography, f/2.8, 24mm lens
Fiji	fiji.webp	Palm-fringed island and coral reef in Yasawa, wide-angle travel photography, bright sunny day, vibrant colors, highly detailed, 8K, tourist destination, clear blue sky, professional photography, f/2.8, 24mm lens
Myanmar	myanmar.webp	Shwedagon Pagoda gleaming in Yangon sunset, wide-angle travel photography, bright sunny day, vibrant colors, highly detailed, 8K, tourist destination, clear blue sky, professional photography, f/2.8, 24mm lens
Cambodia	cambodia.webp	Angkor Wat temple reflecting in morning moat, wide-angle travel photography, bright sunny day, vibrant colors, highly detailed, 8K, tourist destination, clear blue sky, professional photography, f/2.8, 24mm lens
Laos	laos.webp	Pha That Luang golden stupa in Vientiane, wide-angle travel photography, bright sunny day, vibrant colors, highly detailed, 8K, tourist destination, clear blue sky, professional photography, f/2.8, 24mm lens
Mongolia	mongolia.webp	Ger tents on vast Mongolian steppe landscape, wide-angle travel photography, bright sunny day, vibrant colors, highly detailed, 8K, tourist destination, clear blue sky, professional photography, f/2.8, 24mm lens
Kazakhstan	kazakhstan.webp	Bayterek Tower with Nur-Sultan futuristic skyline, wide-angle travel photography, bright sunny day, vibrant colors, highly detailed, 8K, tourist destination, clear blue sky, professional photography, f/2.8, 24mm lens
Uzbekistan	uzbekistan.webp	Registan Square madrasas in Samarkand, wide-angle travel photography, bright sunny day, vibrant colors, highly detailed, 8K, tourist destination, clear blue sky, professional photography, f/2.8, 24mm lens
Azerbaijan	azerbaijan.webp	Flame Towers overlooking Baku Caspian Sea boulevard, wide-angle travel photography, bright sunny day, vibrant colors, highly detailed, 8K, tourist destination, clear blue sky, professional photography, f/2.8, 24mm lens
Georgia	georgia.webp	Sameba Cathedral and Tbilisi old town rooftops, wide-angle travel photography, bright sunny day, vibrant colors, highly detailed, 8K, tourist destination, clear blue sky, professional photography, f/2.8, 24mm lens
Armenia	armenia.webp	Tatev Monastery on cliff above Vorotan gorge, wide-angle travel photography, bright sunny day, vibrant colors, highly detailed, 8K, tourist destination, clear blue sky, professional photography, f/2.8, 24mm lens
Bahamas	bahamas.webp	Pink sand beach and turquoise Exuma waters, wide-angle travel photography, bright sunny day, vibrant colors, highly detailed, 8K, tourist destination, clear blue sky, professional photography, f/2.8, 24mm lens
Barbados	barbados.webp	House of Parliament and Carlisle Bay coastline, wide-angle travel photography, bright sunny day, vibrant colors, highly detailed, 8K, tourist destination, clear blue sky, professional photography, f/2.8, 24mm lens
Jamaica	jamaica.webp	Dunn's River Falls cascading into Caribbean Sea, wide-angle travel photography, bright sunny day, vibrant colors, highly detailed, 8K, tourist destination, clear blue sky, professional photography, f/2.8, 24mm lens
Dominican Republic	dominican-republic.webp	Punta Cana palm beach and turquoise ocean, wide-angle travel photography, bright sunny day, vibrant colors, highly detailed, 8K, tourist destination, clear blue sky, professional photography, f/2.8, 24mm lens
Costa Rica	costa-rica.webp	Arenal volcano above cloud forest canopy, wide-angle travel photography, bright sunny day, vibrant colors, highly detailed, 8K, tourist destination, clear blue sky, professional photography, f/2.8, 24mm lens
Panama	panama.webp	Panama Canal locks with modern skyline behind, wide-angle travel photography, bright sunny day, vibrant colors, highly detailed, 8K, tourist destination, clear blue sky, professional photography, f/2.8, 24mm lens
Peru	peru.webp	Machu Picchu citadel above Urubamba valley clouds, wide-angle travel photography, bright sunny day, vibrant colors, highly detailed, 8K, tourist destination, clear blue sky, professional photography, f/2.8, 24mm lens
Uruguay	uruguay.webp	Punta del Este skyline and Atlantic coastline, wide-angle travel photography, bright sunny day, vibrant colors, highly detailed, 8K, tourist destination, clear blue sky, professional photography, f/2.8, 24mm lens
Paraguay	paraguay.webp	Panteon Nacional de los Heroes in Asuncion, wide-angle travel photography, bright sunny day, vibrant colors, highly detailed, 8K, tourist destination, clear blue sky, professional photography, f/2.8, 24mm lens
Venezuela	venezuela.webp	Angel Falls plunging from table mountain, wide-angle travel photography, bright sunny day, vibrant colors, highly detailed, 8K, tourist destination, clear blue sky, professional photography, f/2.8, 24mm lens
Ecuador	ecuador.webp	Galapagos Islands volcanic landscape and blue-footed boobies, wide-angle travel photography, bright sunny day, vibrant colors, highly detailed, 8K, tourist destination, clear blue sky, professional photography, f/2.8, 24mm lens
Bolivia	bolivia.webp	Salar de Uyuni salt flat mirror sky reflection, wide-angle travel photography, bright sunny day, vibrant colors, highly detailed, 8K, tourist destination, clear blue sky, professional photography, f/2.8, 24mm lens
Guyana	guyana.webp	Kaieteur Falls in Amazon rainforest, wide-angle travel photography, bright sunny day, vibrant colors, highly detailed, 8K, tourist destination, clear blue sky, professional photography, f/2.8, 24mm lens
Suriname	suriname.webp	Paramaribo wooden St Peter and Paul Cathedral, wide-angle travel photography, bright sunny day, vibrant colors, highly detailed, 8K, tourist destination, clear blue sky, professional photography, f/2.8, 24mm lens
Zimbabwe	zimbabwe.webp	Victoria Falls mist rising above Zambezi gorge, wide-angle travel photography, bright sunny day, vibrant colors, highly detailed, 8K, tourist destination, clear blue sky, professional photography, f/2.8, 24mm lens
Zambia	zambia.webp	Victoria Falls from Livingstone side with rainbow, wide-angle travel photography, bright sunny day, vibrant colors, highly detailed, 8K, tourist destination, clear blue sky, professional photography, f/2.8, 24mm lens
Nigeria	nigeria.webp	Zuma Rock towering above green Nigerian landscape, wide-angle travel photography, bright sunny day, vibrant colors, highly detailed, 8K, tourist destination, clear blue sky, professional photography, f/2.8, 24mm lens
Ghana	ghana.webp	Cape Coast Castle overlooking Atlantic Ocean, wide-angle travel photography, bright sunny day, vibrant colors, highly detailed, 8K, tourist destination, clear blue sky, professional photography, f/2.8, 24mm lens
Ethiopia	ethiopia.webp	Lalibela rock-hewn churches in Ethiopian highlands, wide-angle travel photography, bright sunny day, vibrant colors, highly detailed, 8K, tourist destination, clear blue sky, professional photography, f/2.8, 24mm lens
Rwanda	rwanda.webp	Volcanoes National Park and mountain gorilla habitat, wide-angle travel photography, bright sunny day, vibrant colors, highly detailed, 8K, tourist destination, clear blue sky, professional photography, f/2.8, 24mm lens
Uganda	uganda.webp	Murchison Falls on Victoria Nile river, wide-angle travel photography, bright sunny day, vibrant colors, highly detailed, 8K, tourist destination, clear blue sky, professional photography, f/2.8, 24mm lens
Botswana	botswana.webp	Okavango Delta waterways with elephants, wide-angle travel photography, bright sunny day, vibrant colors, highly detailed, 8K, tourist destination, clear blue sky, professional photography, f/2.8, 24mm lens
Namibia	namibia.webp	Sossusvlei red dunes against bright blue sky, wide-angle travel photography, bright sunny day, vibrant colors, highly detailed, 8K, tourist destination, clear blue sky, professional photography, f/2.8, 24mm lens
Mozambique	mozambique.webp	Bazaruto Archipelago islands and Indian Ocean, wide-angle travel photography, bright sunny day, vibrant colors, highly detailed, 8K, tourist destination, clear blue sky, professional photography, f/2.8, 24mm lens
Angola	angola.webp	Kalandula Falls in Malanje highlands, wide-angle travel photography, bright sunny day, vibrant colors, highly detailed, 8K, tourist destination, clear blue sky, professional photography, f/2.8, 24mm lens
Algeria	algeria.webp	Notre Dame d'Afrique cathedral overlooking Algiers bay, wide-angle travel photography, bright sunny day, vibrant colors, highly detailed, 8K, tourist destination, clear blue sky, professional photography, f/2.8, 24mm lens
Tunisia	tunisia.webp	Amphitheater of El Jem under blue sky, wide-angle travel photography, bright sunny day, vibrant colors, highly detailed, 8K, tourist destination, clear blue sky, professional photography, f/2.8, 24mm lens
Sudan	sudan.webp	Meroe pyramids rising from Nubian desert, wide-angle travel photography, bright sunny day, vibrant colors, highly detailed, 8K, tourist destination, clear blue sky, professional photography, f/2.8, 24mm lens
Senegal	senegal.webp	African Renaissance Monument overlooking Dakar coast, wide-angle travel photography, bright sunny day, vibrant colors, highly detailed, 8K, tourist destination, clear blue sky, professional photography, f/2.8, 24mm lens
Ivory Coast	ivory-coast.webp	Basilica of Our Lady of Peace in Yamoussoukro, wide-angle travel photography, bright sunny day, vibrant colors, highly detailed, 8K, tourist destination, clear blue sky, professional photography, f/2.8, 24mm lens
Cameroon	cameroon.webp	Mount Cameroon volcano above Limbe coast, wide-angle travel photography, bright sunny day, vibrant colors, highly detailed, 8K, tourist destination, clear blue sky, professional photography, f/2.8, 24mm lens
Madagascar	madagascar.webp	Avenue of the Baobabs at sunset, wide-angle travel photography, bright sunny day, vibrant colors, highly detailed, 8K, tourist destination, clear blue sky, professional photography, f/2.8, 24mm lens
Malawi	malawi.webp	Lake Malawi shoreline with crystal clear water, wide-angle travel photography, bright sunny day, vibrant colors, highly detailed, 8K, tourist destination, clear blue sky, professional photography, f/2.8, 24mm lens
Mauritania	mauritania.webp	Chinguetti ancient mosque and Sahara dunes, wide-angle travel photography, bright sunny day, vibrant colors, highly detailed, 8K, tourist destination, clear blue sky, professional photography, f/2.8, 24mm lens
Lesotho	lesotho.webp	Maletsunyane Falls in highland mountainscape, wide-angle travel photography, bright sunny day, vibrant colors, highly detailed, 8K, tourist destination, clear blue sky, professional photography, f/2.8, 24mm lens
Eswatini	eswatini.webp	Sibebe Rock granite dome under blue sky, wide-angle travel photography, bright sunny day, vibrant colors, highly detailed, 8K, tourist destination, clear blue sky, professional photography, f/2.8, 24mm lens
Djibouti	djibouti.webp	Lake Assal salt flats and volcanic landscape, wide-angle travel photography, bright sunny day, vibrant colors, highly detailed, 8K, tourist destination, clear blue sky, professional photography, f/2.8, 24mm lens
Somalia	somalia.webp	Mogadishu Liido Beach and Indian Ocean coast, wide-angle travel photography, bright sunny day, vibrant colors, highly detailed, 8K, tourist destination, clear blue sky, professional photography, f/2.8, 24mm lens
Congo	congo.webp	Congo River winding through equatorial rainforest, wide-angle travel photography, bright sunny day, vibrant colors, highly detailed, 8K, tourist destination, clear blue sky, professional photography, f/2.8, 24mm lens
DR Congo	dr-congo.webp	Mount Nyiragongo lava glow over Goma, wide-angle travel photography, bright sunny day, vibrant colors, highly detailed, 8K, tourist destination, clear blue sky, professional photography, f/2.8, 24mm lens
Liberia	liberia.webp	Monrovia Capitol Building and Atlantic coastline, wide-angle travel photography, bright sunny day, vibrant colors, highly detailed, 8K, tourist destination, clear blue sky, professional photography, f/2.8, 24mm lens
Sierra Leone	sierra-leone.webp	Freetown peninsula and Tacugama chimpanzee sanctuary, wide-angle travel photography, bright sunny day, vibrant colors, highly detailed, 8K, tourist destination, clear blue sky, professional photography, f/2.8, 24mm lens
Togo	togo.webp	Koutammakou Batammariba clay houses, wide-angle travel photography, bright sunny day, vibrant colors, highly detailed, 8K, tourist destination, clear blue sky, professional photography, f/2.8, 24mm lens
Benin	benin.webp	Ganvie stilt village on Lake Nokoué, wide-angle travel photography, bright sunny day, vibrant colors, highly detailed, 8K, tourist destination, clear blue sky, professional photography, f/2.8, 24mm lens
Burkina Faso	burkina-faso.webp	Loropeni ruins ancient stone walls, wide-angle travel photography, bright sunny day, vibrant colors, highly detailed, 8K, tourist destination, clear blue sky, professional photography, f/2.8, 24mm lens
Niger	niger.webp	W National Park river and savanna landscape, wide-angle travel photography, bright sunny day, vibrant colors, highly detailed, 8K, tourist destination, clear blue sky, professional photography, f/2.8, 24mm lens
Mali	mali.webp	Djinguereber Mosque in Timbuktu desert city, wide-angle travel photography, bright sunny day, vibrant colors, highly detailed, 8K, tourist destination, clear blue sky, professional photography, f/2.8, 24mm lens
Chad	chad.webp	Ennedi natural arches and sandstone formations, wide-angle travel photography, bright sunny day, vibrant colors, highly detailed, 8K, tourist destination, clear blue sky, professional photography, f/2.8, 24mm lens
Central African Republic	central-african-republic.webp	Dzanga Sangha rainforest and forest elephants, wide-angle travel photography, bright sunny day, vibrant colors, highly detailed, 8K, tourist destination, clear blue sky, professional photography, f/2.8, 24mm lens
Equatorial Guinea	equatorial-guinea.webp	Malabo cathedral and Bioko island coastline, wide-angle travel photography, bright sunny day, vibrant colors, highly detailed, 8K, tourist destination, clear blue sky, professional photography, f/2.8, 24mm lens
Gabon	gabon.webp	Lopé National Park rainforest and savanna mosaic, wide-angle travel photography, bright sunny day, vibrant colors, highly detailed, 8K, tourist destination, clear blue sky, professional photography, f/2.8, 24mm lens
Cape Verde	cape-verde.webp	Mindelo harbor and Monte Cara mountain silhouette, wide-angle travel photography, bright sunny day, vibrant colors, highly detailed, 8K, tourist destination, clear blue sky, professional photography, f/2.8, 24mm lens
Comoros	comoros.webp	Mount Karthala volcano above Moroni coastline, wide-angle travel photography, bright sunny day, vibrant colors, highly detailed, 8K, tourist destination, clear blue sky, professional photography, f/2.8, 24mm lens
São Tomé and Príncipe	sao-tome-and-principe.webp	Pico Cão Grande volcanic plug in jungle, wide-angle travel photography, bright sunny day, vibrant colors, highly detailed, 8K, tourist destination, clear blue sky, professional photography, f/2.8, 24mm lens
South Sudan	south-sudan.webp	White Nile river in Juba savanna landscape, wide-angle travel photography, bright sunny day, vibrant colors, highly detailed, 8K, tourist destination, clear blue sky, professional photography, f/2.8, 24mm lens
Eritrea	eritrea.webp	Asmara Art Deco Fiat Tagliero building, wide-angle travel photography, bright sunny day, vibrant colors, highly detailed, 8K, tourist destination, clear blue sky, professional photography, f/2.8, 24mm lens
Kuwait	kuwait.webp	Kuwait Towers overlooking Arabian Gulf coastline, wide-angle travel photography, bright sunny day, vibrant colors, highly detailed, 8K, tourist destination, clear blue sky, professional photography, f/2.8, 24mm lens
Jordan	jordan.webp	Petra Treasury carved in rose-red canyon wall, wide-angle travel photography, bright sunny day, vibrant colors, highly detailed, 8K, tourist destination, clear blue sky, professional photography, f/2.8, 24mm lens
Lebanon	lebanon.webp	Jeita Grotto stalactite cave chamber, wide-angle travel photography, bright sunny day, vibrant colors, highly detailed, 8K, tourist destination, clear blue sky, professional photography, f/2.8, 24mm lens
Cyprus	cyprus.webp	Paphos harbor castle and Mediterranean Sea, wide-angle travel photography, bright sunny day, vibrant colors, highly detailed, 8K, tourist destination, clear blue sky, professional photography, f/2.8, 24mm lens
Malta	malta.webp	St John's Co-Cathedral in Valletta old city, wide-angle travel photography, bright sunny day, vibrant colors, highly detailed, 8K, tourist destination, clear blue sky, professional photography, f/2.8, 24mm lens
Luxembourg	luxembourg.webp	Adolphe Bridge and Luxembourg City skyline, wide-angle travel photography, bright sunny day, vibrant colors, highly detailed, 8K, tourist destination, clear blue sky, professional photography, f/2.8, 24mm lens
Monaco	monaco.webp	Monte Carlo Casino and Mediterranean marina, wide-angle travel photography, bright sunny day, vibrant colors, highly detailed, 8K, tourist destination, clear blue sky, professional photography, f/2.8, 24mm lens
Liechtenstein	liechtenstein.webp	Vaduz Castle above Alpine Rhine valley, wide-angle travel photography, bright sunny day, vibrant colors, highly detailed, 8K, tourist destination, clear blue sky, professional photography, f/2.8, 24mm lens
Andorra	andorra.webp	Grandvalira ski slopes and Pyrenees peaks, wide-angle travel photography, bright sunny day, vibrant colors, highly detailed, 8K, tourist destination, clear blue sky, professional photography, f/2.8, 24mm lens
San Marino	san-marino.webp	Guaita fortress on Monte Titano cliff, wide-angle travel photography, bright sunny day, vibrant colors, highly detailed, 8K, tourist destination, clear blue sky, professional photography, f/2.8, 24mm lens
Vatican City	vatican-city.webp	St Peter's Basilica dome and Vatican colonnade, wide-angle travel photography, bright sunny day, vibrant colors, highly detailed, 8K, tourist destination, clear blue sky, professional photography, f/2.8, 24mm lens
Belarus	belarus.webp	Mir Castle in lush green countryside, wide-angle travel photography, bright sunny day, vibrant colors, highly detailed, 8K, tourist destination, clear blue sky, professional photography, f/2.8, 24mm lens
Moldova	moldova.webp	Orheiul Vechi cave monastery in Raut valley, wide-angle travel photography, bright sunny day, vibrant colors, highly detailed, 8K, tourist destination, clear blue sky, professional photography, f/2.8, 24mm lens
Lithuania	lithuania.webp	Trakai Island Castle on Galve Lake, wide-angle travel photography, bright sunny day, vibrant colors, highly detailed, 8K, tourist destination, clear blue sky, professional photography, f/2.8, 24mm lens
Latvia	latvia.webp	Riga central market and Daugava River skyline, wide-angle travel photography, bright sunny day, vibrant colors, highly detailed, 8K, tourist destination, clear blue sky, professional photography, f/2.8, 24mm lens
Estonia	estonia.webp	Toompea Castle and Tallinn medieval old town, wide-angle travel photography, bright sunny day, vibrant colors, highly detailed, 8K, tourist destination, clear blue sky, professional photography, f/2.8, 24mm lens
Slovakia	slovakia.webp	Bratislava Castle above Danube River, wide-angle travel photography, bright sunny day, vibrant colors, highly detailed, 8K, tourist destination, clear blue sky, professional photography, f/2.8, 24mm lens
Slovenia	slovenia.webp	Lake Bled island church and Julian Alps backdrop, wide-angle travel photography, bright sunny day, vibrant colors, highly detailed, 8K, tourist destination, clear blue sky, professional photography, f/2.8, 24mm lens
Serbia	serbia.webp	Kalemegdan Fortress and Belgrade confluence, wide-angle travel photography, bright sunny day, vibrant colors, highly detailed, 8K, tourist destination, clear blue sky, professional photography, f/2.8, 24mm lens
Bosnia and Herzegovina	bosnia-and-herzegovina.webp	Stari Most bridge over Neretva River in Mostar, wide-angle travel photography, bright sunny day, vibrant colors, highly detailed, 8K, tourist destination, clear blue sky, professional photography, f/2.8, 24mm lens
Montenegro	montenegro.webp	Bay of Kotor fjord with Perast islets, wide-angle travel photography, bright sunny day, vibrant colors, highly detailed, 8K, tourist destination, clear blue sky, professional photography, f/2.8, 24mm lens
North Macedonia	north-macedonia.webp	Lake Ohrid and Ohrid old town hillside, wide-angle travel photography, bright sunny day, vibrant colors, highly detailed, 8K, tourist destination, clear blue sky, professional photography, f/2.8, 24mm lens
Albania	albania.webp	Berat white Ottoman houses on Osum riverbank, wide-angle travel photography, bright sunny day, vibrant colors, highly detailed, 8K, tourist destination, clear blue sky, professional photography, f/2.8, 24mm lens
Kosovo	kosovo.webp	Gracanica Monastery in Pristina countryside, wide-angle travel photography, bright sunny day, vibrant colors, highly detailed, 8K, tourist destination, clear blue sky, professional photography, f/2.8, 24mm lens
Afghanistan	afghanistan.webp	Band-e-Amir blue lakes in Hindu Kush mountains, wide-angle travel photography, bright sunny day, vibrant colors, highly detailed, 8K, tourist destination, clear blue sky, professional photography, f/2.8, 24mm lens
Pakistan	pakistan.webp	Badshahi Mosque with Lahore skyline at sunset, wide-angle travel photography, bright sunny day, vibrant colors, highly detailed, 8K, tourist destination, clear blue sky, professional photography, f/2.8, 24mm lens
Bangladesh	bangladesh.webp	Lalbagh Fort and Dhaka skyline on Buriganga River, wide-angle travel photography, bright sunny day, vibrant colors, highly detailed, 8K, tourist destination, clear blue sky, professional photography, f/2.8, 24mm lens
Iran	iran.webp	Nasir al-Mulk Pink Mosque stained glass interior, wide-angle travel photography, bright sunny day, vibrant colors, highly detailed, 8K, tourist destination, clear blue sky, professional photography, f/2.8, 24mm lens
Iraq	iraq.webp	Al-Mustansiriya School and Tigris River in Baghdad, wide-angle travel photography, bright sunny day, vibrant colors, highly detailed, 8K, tourist destination, clear blue sky, professional photography, f/2.8, 24mm lens
Syria	syria.webp	Umayyad Mosque courtyard in Damascus old city, wide-angle travel photography, bright sunny day, vibrant colors, highly detailed, 8K, tourist destination, clear blue sky, professional photography, f/2.8, 24mm lens
Yemen	yemen.webp	Shibam Hadhramaut mud skyscrapers in desert valley, wide-angle travel photography, bright sunny day, vibrant colors, highly detailed, 8K, tourist destination, clear blue sky, professional photography, f/2.8, 24mm lens
Turkmenistan	turkmenistan.webp	Door to Hell gas crater in Karakum Desert, wide-angle travel photography, bright sunny day, vibrant colors, highly detailed, 8K, tourist destination, clear blue sky, professional photography, f/2.8, 24mm lens
Kyrgyzstan	kyrgyzstan.webp	Ala-Kul lake and Tian Shan mountain panorama, wide-angle travel photography, bright sunny day, vibrant colors, highly detailed, 8K, tourist destination, clear blue sky, professional photography, f/2.8, 24mm lens
Tajikistan	tajikistan.webp	Pamir Highway and Iskanderkul lake in mountains, wide-angle travel photography, bright sunny day, vibrant colors, highly detailed, 8K, tourist destination, clear blue sky, professional photography, f/2.8, 24mm lens
Timor-Leste	timor-leste.webp	Atauro Island coral reef and crystal waters, wide-angle travel photography, bright sunny day, vibrant colors, highly detailed, 8K, tourist destination, clear blue sky, professional photography, f/2.8, 24mm lens
Papua New Guinea	papua-new-guinea.webp	Kokoda Track jungle and Owen Stanley Range, wide-angle travel photography, bright sunny day, vibrant colors, highly detailed, 8K, tourist destination, clear blue sky, professional photography, f/2.8, 24mm lens
Solomon Islands	solomon-islands.webp	Mbonegi beach tropical island and palm trees, wide-angle travel photography, bright sunny day, vibrant colors, highly detailed, 8K, tourist destination, clear blue sky, professional photography, f/2.8, 24mm lens
Vanuatu	vanuatu.webp	Mount Yasur volcano glowing at night, wide-angle travel photography, bright sunny day, vibrant colors, highly detailed, 8K, tourist destination, clear blue sky, professional photography, f/2.8, 24mm lens
Samoa	samoa.webp	To Sua Ocean Trench and lush south coast, wide-angle travel photography, bright sunny day, vibrant colors, highly detailed, 8K, tourist destination, clear blue sky, professional photography, f/2.8, 24mm lens
Tonga	tonga.webp	Ha'apai islands turquoise lagoon and palm beach, wide-angle travel photography, bright sunny day, vibrant colors, highly detailed, 8K, tourist destination, clear blue sky, professional photography, f/2.8, 24mm lens
Palau	palau.webp	Rock Islands emerald lagoons and jellyfish lake, wide-angle travel photography, bright sunny day, vibrant colors, highly detailed, 8K, tourist destination, clear blue sky, professional photography, f/2.8, 24mm lens
Micronesia	micronesia.webp	Nan Madol ancient stone city on Pohnpei coast, wide-angle travel photography, bright sunny day, vibrant colors, highly detailed, 8K, tourist destination, clear blue sky, professional photography, f/2.8, 24mm lens
Marshall Islands	marshall-islands.webp	Bikini Atoll coral reef and crystal lagoon, wide-angle travel photography, bright sunny day, vibrant colors, highly detailed, 8K, tourist destination, clear blue sky, professional photography, f/2.8, 24mm lens
Kiribati	kiribati.webp	Christmas Island palm-fringed Pacific beach, wide-angle travel photography, bright sunny day, vibrant colors, highly detailed, 8K, tourist destination, clear blue sky, professional photography, f/2.8, 24mm lens
Nauru	nauru.webp	Anibare Bay turquoise ocean and coral reef, wide-angle travel photography, bright sunny day, vibrant colors, highly detailed, 8K, tourist destination, clear blue sky, professional photography, f/2.8, 24mm lens
Tuvalu	tuvalu.webp	Funafuti islet and Pacific Ocean lagoon expanse, wide-angle travel photography, bright sunny day, vibrant colors, highly detailed, 8K, tourist destination, clear blue sky, professional photography, f/2.8, 24mm lens
Cook Islands	cook-islands.webp	Aitutaki island turquoise lagoon and palm motus, wide-angle travel photography, bright sunny day, vibrant colors, highly detailed, 8K, tourist destination, clear blue sky, professional photography, f/2.8, 24mm lens
Niue	niue.webp	Limu Pools coral rock formations at coastline, wide-angle travel photography, bright sunny day, vibrant colors, highly detailed, 8K, tourist destination, clear blue sky, professional photography, f/2.8, 24mm lens
Cuba	cuba.webp	El Capitolio building with classic Havana cars, wide-angle travel photography, bright sunny day, vibrant colors, highly detailed, 8K, tourist destination, clear blue sky, professional photography, f/2.8, 24mm lens
Haiti	haiti.webp	Citadelle Laferrière mountaintop fortress, wide-angle travel photography, bright sunny day, vibrant colors, highly detailed, 8K, tourist destination, clear blue sky, professional photography, f/2.8, 24mm lens
Dominica	dominica.webp	Boiling Lake and Morne Trois Pitons National Park, wide-angle travel photography, bright sunny day, vibrant colors, highly detailed, 8K, tourist destination, clear blue sky, professional photography, f/2.8, 24mm lens
Saint Lucia	saint-lucia.webp	Pitons twin volcanic peaks rising from Caribbean, wide-angle travel photography, bright sunny day, vibrant colors, highly detailed, 8K, tourist destination, clear blue sky, professional photography, f/2.8, 24mm lens
Saint Kitts and Nevis	saint-kitts-and-nevis.webp	Brimstone Hill fortress overlooking Caribbean Sea, wide-angle travel photography, bright sunny day, vibrant colors, highly detailed, 8K, tourist destination, clear blue sky, professional photography, f/2.8, 24mm lens
Saint Vincent and the Grenadines	saint-vincent-and-the-grenadines.webp	Tobago Cays marine park and turquoise shallows, wide-angle travel photography, bright sunny day, vibrant colors, highly detailed, 8K, tourist destination, clear blue sky, professional photography, f/2.8, 24mm lens
Grenada	grenada.webp	Grand Anse beach and Grenada rainforest mountains, wide-angle travel photography, bright sunny day, vibrant colors, highly detailed, 8K, tourist destination, clear blue sky, professional photography, f/2.8, 24mm lens
Antigua and Barbuda	antigua-and-barbuda.webp	Nelson's Dockyard and English Harbour coastline, wide-angle travel photography, bright sunny day, vibrant colors, highly detailed, 8K, tourist destination, clear blue sky, professional photography, f/2.8, 24mm lens
Trinidad and Tobago	trinidad-and-tobago.webp	Pigeon Point beach and Caribbean palm shore, wide-angle travel photography, bright sunny day, vibrant colors, highly detailed, 8K, tourist destination, clear blue sky, professional photography, f/2.8, 24mm lens
Belize	belize.webp	Great Blue Hole coral reef from aerial view, wide-angle travel photography, bright sunny day, vibrant colors, highly detailed, 8K, tourist destination, clear blue sky, professional photography, f/2.8, 24mm lens
Guatemala	guatemala.webp	Tikal temple rising above rainforest canopy, wide-angle travel photography, bright sunny day, vibrant colors, highly detailed, 8K, tourist destination, clear blue sky, professional photography, f/2.8, 24mm lens
Honduras	honduras.webp	Copan Maya hieroglyphic stairway ruins, wide-angle travel photography, bright sunny day, vibrant colors, highly detailed, 8K, tourist destination, clear blue sky, professional photography, f/2.8, 24mm lens
El Salvador	el-salvador.webp	Santa Ana volcano and Coatepeque crater lake, wide-angle travel photography, bright sunny day, vibrant colors, highly detailed, 8K, tourist destination, clear blue sky, professional photography, f/2.8, 24mm lens
Nicaragua	nicaragua.webp	Granada cathedral and Mombacho volcano backdrop, wide-angle travel photography, bright sunny day, vibrant colors, highly detailed, 8K, tourist destination, clear blue sky, professional photography, f/2.8, 24mm lens
Puerto Rico	puerto-rico.webp	El Morro fort and Old San Juan colorful buildings, wide-angle travel photography, bright sunny day, vibrant colors, highly detailed, 8K, tourist destination, clear blue sky, professional photography, f/2.8, 24mm lens
Guam	guam.webp	Two Lovers Point cliff and Philippine Sea vista, wide-angle travel photography, bright sunny day, vibrant colors, highly detailed, 8K, tourist destination, clear blue sky, professional photography, f/2.8, 24mm lens
American Samoa	american-samoa.webp	Ofu Island white sand beach and turquoise reef, wide-angle travel photography, bright sunny day, vibrant colors, highly detailed, 8K, tourist destination, clear blue sky, professional photography, f/2.8, 24mm lens
Northern Mariana Islands	northern-mariana-islands.webp	Grotto dive site and Saipan limestone cliffs, wide-angle travel photography, bright sunny day, vibrant colors, highly detailed, 8K, tourist destination, clear blue sky, professional photography, f/2.8, 24mm lens
US Virgin Islands	us-virgin-islands.webp	Trunk Bay white sand beach and St John coastline, wide-angle travel photography, bright sunny day, vibrant colors, highly detailed, 8K, tourist destination, clear blue sky, professional photography, f/2.8, 24mm lens
British Virgin Islands	british-virgin-islands.webp	The Baths boulders and turquoise water on Virgin Gorda, wide-angle travel photography, bright sunny day, vibrant colors, highly detailed, 8K, tourist destination, clear blue sky, professional photography, f/2.8, 24mm lens
Cayman Islands	cayman-islands.webp	Seven Mile Beach and Grand Cayman turquoise water, wide-angle travel photography, bright sunny day, vibrant colors, highly detailed, 8K, tourist destination, clear blue sky, professional photography, f/2.8, 24mm lens
Bermuda	bermuda.webp	Horseshoe Bay pink sand beach and crystal water, wide-angle travel photography, bright sunny day, vibrant colors, highly detailed, 8K, tourist destination, clear blue sky, professional photography, f/2.8, 24mm lens
Gibraltar	gibraltar.webp	Rock of Gibraltar from Mediterranean approach, wide-angle travel photography, bright sunny day, vibrant colors, highly detailed, 8K, tourist destination, clear blue sky, professional photography, f/2.8, 24mm lens
Faroe Islands	faroe-islands.webp	Mulafossur waterfall and Gásadalur village Atlantic coast, wide-angle travel photography, bright sunny day, vibrant colors, highly detailed, 8K, tourist destination, clear blue sky, professional photography, f/2.8, 24mm lens
Greenland	greenland.webp	Ilulissat Icefjord and towering icebergs in Disko Bay, wide-angle travel photography, bright sunny day, vibrant colors, highly detailed, 8K, tourist destination, clear blue sky, professional photography, f/2.8, 24mm lens
Aruba	aruba.webp	Eagle Beach divi-divi trees and white sand, wide-angle travel photography, bright sunny day, vibrant colors, highly detailed, 8K, tourist destination, clear blue sky, professional photography, f/2.8, 24mm lens
Curacao	curacao.webp	Handelskade colorful Dutch buildings in Willemstad, wide-angle travel photography, bright sunny day, vibrant colors, highly detailed, 8K, tourist destination, clear blue sky, professional photography, f/2.8, 24mm lens
Sint Maarten	sint-maarten.webp	Maho Beach and Princess Juliana airport plane approach, wide-angle travel photography, bright sunny day, vibrant colors, highly detailed, 8K, tourist destination, clear blue sky, professional photography, f/2.8, 24mm lens
Réunion	reunion.webp	Piton de la Fournaise volcano crater landscape, wide-angle travel photography, bright sunny day, vibrant colors, highly detailed, 8K, tourist destination, clear blue sky, professional photography, f/2.8, 24mm lens
Mayotte	mayotte.webp	Mayotte lagoon and islet coral reef from air, wide-angle travel photography, bright sunny day, vibrant colors, highly detailed, 8K, tourist destination, clear blue sky, professional photography, f/2.8, 24mm lens
New Caledonia	new-caledonia.webp	Heart of Voh mangrove natural formation in lagoon, wide-angle travel photography, bright sunny day, vibrant colors, highly detailed, 8K, tourist destination, clear blue sky, professional photography, f/2.8, 24mm lens
French Polynesia	french-polynesia.webp	Bora Bora overwater bungalows in turquoise lagoon, wide-angle travel photography, bright sunny day, vibrant colors, highly detailed, 8K, tourist destination, clear blue sky, professional photography, f/2.8, 24mm lens
Wallis and Futuna	wallis-and-futuna.webp	Wallis Island lagoon and volcanic crater lakes, wide-angle travel photography, bright sunny day, vibrant colors, highly detailed, 8K, tourist destination, clear blue sky, professional photography, f/2.8, 24mm lens
Saint Pierre and Miquelon	st-pierre-and-miquelon.webp	Saint Pierre colorful harbor and North Atlantic coast, wide-angle travel photography, bright sunny day, vibrant colors, highly detailed, 8K, tourist destination, clear blue sky, professional photography, f/2.8, 24mm lens
Saint Barthélemy	st-barthelemy.webp	Gustavia harbor luxury yachts and Caribbean hillside, wide-angle travel photography, bright sunny day, vibrant colors, highly detailed, 8K, tourist destination, clear blue sky, professional photography, f/2.8, 24mm lens
Saint Martin	st-martin.webp	Orient Bay turquoise water and beach coastline, wide-angle travel photography, bright sunny day, vibrant colors, highly detailed, 8K, tourist destination, clear blue sky, professional photography, f/2.8, 24mm lens
Anguilla	anguilla.webp	Shoal Bay East white sand and turquoise Caribbean, wide-angle travel photography, bright sunny day, vibrant colors, highly detailed, 8K, tourist destination, clear blue sky, professional photography, f/2.8, 24mm lens
Montserrat	montserrat.webp	Soufrière Hills volcano dome above Plymouth, wide-angle travel photography, bright sunny day, vibrant colors, highly detailed, 8K, tourist destination, clear blue sky, professional photography, f/2.8, 24mm lens
Turks and Caicos	turks-and-caicos.webp	Grace Bay turquoise water and white sand beach, wide-angle travel photography, bright sunny day, vibrant colors, highly detailed, 8K, tourist destination, clear blue sky, professional photography, f/2.8, 24mm lens
Falkland Islands	falkland-islands.webp	Stanley harbor and rolling green South Atlantic hills, wide-angle travel photography, bright sunny day, vibrant colors, highly detailed, 8K, tourist destination, clear blue sky, professional photography, f/2.8, 24mm lens
South Georgia	south-georgia.webp	Grytviken whaling station and snow-covered peaks, wide-angle travel photography, bright sunny day, vibrant colors, highly detailed, 8K, tourist destination, clear blue sky, professional photography, f/2.8, 24mm lens
Brunei	brunei.webp	Omar Ali Saifuddien Mosque and water village on Brunei River, wide-angle travel photography, bright sunny day, vibrant colors, highly detailed, 8K, tourist destination, clear blue sky, professional photography, f/2.8, 24mm lens
Burundi	burundi.webp	Lake Tanganyika coastline and Rusizi National Park, wide-angle travel photography, bright sunny day, vibrant colors, highly detailed, 8K, tourist destination, clear blue sky, professional photography, f/2.8, 24mm lens
Gambia	gambia.webp	Kunta Kinteh Island and Atlantic Ocean beach coastline, wide-angle travel photography, bright sunny day, vibrant colors, highly detailed, 8K, tourist destination, clear blue sky, professional photography, f/2.8, 24mm lens
Guinea	guinea.webp	Mount Nimba Nature Reserve rainforest and waterfall, wide-angle travel photography, bright sunny day, vibrant colors, highly detailed, 8K, tourist destination, clear blue sky, professional photography, f/2.8, 24mm lens
Guinea-Bissau	guinea-bissau.webp	Bissagos Archipelago islands and Atlantic turquoise waters, wide-angle travel photography, bright sunny day, vibrant colors, highly detailed, 8K, tourist destination, clear blue sky, professional photography, f/2.8, 24mm lens
Libya	libya.webp	Leptis Magna Roman ruins on Mediterranean coastline, wide-angle travel photography, bright sunny day, vibrant colors, highly detailed, 8K, tourist destination, clear blue sky, professional photography, f/2.8, 24mm lens
Macau	macau.webp	Macau Tower and skyline with historic Portuguese architecture, wide-angle travel photography, bright sunny day, vibrant colors, highly detailed, 8K, tourist destination, clear blue sky, professional photography, f/2.8, 24mm lens
North Korea	north-korea.webp	Ryugyong Hotel and Pyongyang skyline from Taedong River, wide-angle travel photography, bright sunny day, vibrant colors, highly detailed, 8K, tourist destination, clear blue sky, professional photography, f/2.8, 24mm lens
Palestine	palestine.webp	Dome of the Rock on Temple Mount in Jerusalem old city, wide-angle travel photography, bright sunny day, vibrant colors, highly detailed, 8K, tourist destination, clear blue sky, professional photography, f/2.8, 24mm lens
Antarctica	antarctica.webp	Icebergs and penguin colonies on Antarctic peninsula, wide-angle travel photography, bright sunny day, vibrant colors, highly detailed, 8K, tourist destination, clear blue sky, professional photography, f/2.8, 24mm lens
Saint Helena	saint-helena.webp	Longwood House and rugged South Atlantic coastline, wide-angle travel photography, bright sunny day, vibrant colors, highly detailed, 8K, tourist destination, clear blue sky, professional photography, f/2.8, 24mm lens
Western Sahara	western-sahara.webp	Sahara desert dunes and Atlantic coast beach, wide-angle travel photography, bright sunny day, vibrant colors, highly detailed, 8K, tourist destination, clear blue sky, professional photography, f/2.8, 24mm lens
Svalbard	svalbard.webp	Arctic fjords and snow-covered mountain landscape, wide-angle travel photography, bright sunny day, vibrant colors, highly detailed, 8K, tourist destination, clear blue sky, professional photography, f/2.8, 24mm lens
French Guiana	french-guiana.webp	Guiana Space Centre launch site and Amazon rainforest, wide-angle travel photography, bright sunny day, vibrant colors, highly detailed, 8K, tourist destination, clear blue sky, professional photography, f/2.8, 24mm lens
Martinique	martinique.webp	Mount Pelée volcano and Caribbean bay coastline, wide-angle travel photography, bright sunny day, vibrant colors, highly detailed, 8K, tourist destination, clear blue sky, professional photography, f/2.8, 24mm lens
Guadeloupe	guadeloupe.webp	La Soufrière volcano and tropical Caribbean beaches, wide-angle travel photography, bright sunny day, vibrant colors, highly detailed, 8K, tourist destination, clear blue sky, professional photography, f/2.8, 24mm lens
Åland Islands	aland-islands.webp	Archipelago sea with red wooden cabins and Baltic coastline, wide-angle travel photography, bright sunny day, vibrant colors, highly detailed, 8K, tourist destination, clear blue sky, professional photography, f/2.8, 24mm lens
Isle of Man	isle-of-man.webp	Castle Rushen and green hills on Irish Sea coastline, wide-angle travel photography, bright sunny day, vibrant colors, highly detailed, 8K, tourist destination, clear blue sky, professional photography, f/2.8, 24mm lens
Jersey	jersey.webp	Mont Orgueil castle and sandy bay beaches, wide-angle travel photography, bright sunny day, vibrant colors, highly detailed, 8K, tourist destination, clear blue sky, professional photography, f/2.8, 24mm lens
Guernsey	guernsey.webp	St Peter Port harbor and Channel Island coastline, wide-angle travel photography, bright sunny day, vibrant colors, highly detailed, 8K, tourist destination, clear blue sky, professional photography, f/2.8, 24mm lens
Christmas Island	christmas-island.webp	Red crab migration through tropical rainforest, wide-angle travel photography, bright sunny day, vibrant colors, highly detailed, 8K, tourist destination, clear blue sky, professional photography, f/2.8, 24mm lens
Norfolk Island	norfolk-island.webp	Emily Bay palm-fringed beach and Pacific Ocean, wide-angle travel photography, bright sunny day, vibrant colors, highly detailed, 8K, tourist destination, clear blue sky, professional photography, f/2.8, 24mm lens
Tokelau	tokelau.webp	Palm-fringed atoll and turquoise Pacific lagoon, wide-angle travel photography, bright sunny day, vibrant colors, highly detailed, 8K, tourist destination, clear blue sky, professional photography, f/2.8, 24mm lens
Bouvet Island	bouvet-island.webp	Glacier-covered volcanic island rising from stormy Southern Ocean, wide-angle travel photography, bright sunny day, vibrant colors, highly detailed, 8K, tourist destination, clear blue sky, professional photography, f/2.8, 24mm lens
British Indian Ocean Territory	british-indian-ocean-territory.webp	Crescent-shaped tropical atoll with turquoise lagoon and palm trees, wide-angle travel photography, bright sunny day, vibrant colors, highly detailed, 8K, tourist destination, clear blue sky, professional photography, f/2.8, 24mm lens
Cocos (Keeling) Islands	cocos-keeling-islands.webp	Palm-fringed white sand beach lapped by crystal clear turquoise water, wide-angle travel photography, bright sunny day, vibrant colors, highly detailed, 8K, tourist destination, clear blue sky, professional photography, f/2.8, 24mm lens
Caribbean Netherlands	caribbean-netherlands.webp	Colorful Dutch colonial buildings along a peaceful waterfront, wide-angle travel photography, bright sunny day, vibrant colors, highly detailed, 8K, tourist destination, clear blue sky, professional photography, f/2.8, 24mm lens
Curaçao	curacao.webp	Handelskade row of vibrant pastel Dutch colonial buildings at sunset, wide-angle travel photography, bright sunny day, vibrant colors, highly detailed, 8K, tourist destination, clear blue sky, professional photography, f/2.8, 24mm lens
French Southern and Antarctic Lands	french-southern-and-antarctic-lands.webp	Dramatic subantarctic landscape with rugged mountains and wild coastline, wide-angle travel photography, bright sunny day, vibrant colors, highly detailed, 8K, tourist destination, clear blue sky, professional photography, f/2.8, 24mm lens
Pitcairn Islands	pitcairn-islands.webp	Steep green volcanic cliffs dropping into deep blue South Pacific, wide-angle travel photography, bright sunny day, vibrant colors, highly detailed, 8K, tourist destination, clear blue sky, professional photography, f/2.8, 24mm lens
Republic of the Congo	republic-of-the-congo.webp	Lush Congo Basin rainforest along a winding river, wide-angle travel photography, bright sunny day, vibrant colors, highly detailed, 8K, tourist destination, clear blue sky, professional photography, f/2.8, 24mm lens
United States Minor Outlying Islands	united-states-minor-outlying-islands.webp	Remote Pacific atoll ringed by white sand and turquoise reef, wide-angle travel photography, bright sunny day, vibrant colors, highly detailed, 8K, tourist destination, clear blue sky, professional photography, f/2.8, 24mm lens